File 1,File 2,Lines Matched
../mysql-files/source/1012/0037a7253ba869b3 (44%),../mysql-files/source/1012/4313a827915bd (46%),25
../mysql-files/source/1012/26b2885e2fb (61%),../mysql-files/source/1012/dea75b4b664 (48%),19
../mysql-files/source/1012/63f5402f83e190f (40%),../mysql-files/source/1012/9ba1e71ad7c58e00c (41%),15
../mysql-files/source/1012/4ed341a9b53ca1 (51%),../mysql-files/source/1012/26e15ff4bfc617f (35%),23
../mysql-files/source/1012/d5104d2cc0444 (49%),../mysql-files/source/1012/28b5dbf2b7f8d (49%),31
../mysql-files/source/1012/8b6f801d8063302 (62%),../mysql-files/source/1012/a6727f9484b8 (59%),22
../mysql-files/source/1012/5e8e1fcfbf85c (49%),../mysql-files/source/1012/18ae6e7a782e5 (47%),23
../mysql-files/source/1012/728c9f816ff82cb0 (43%),../mysql-files/source/1012/e3100b3c4f00 (36%),19
../mysql-files/source/1012/a19dfd289cfac70 (33%),../mysql-files/source/1012/7aed9c7e31121 (35%),23
../mysql-files/source/1012/db2fee422d9f (41%),../mysql-files/source/1012/a0188625076dd2e9 (33%),27
../mysql-files/source/1012/d77924e16ae59f27c (37%),../mysql-files/source/1012/728c9f816ff82cb0 (38%),26
../mysql-files/source/1012/79d3ba7fafe57a42 (47%),../mysql-files/source/1012/068aecea2cc4 (43%),27
../mysql-files/source/1012/0037a7253ba869b3 (28%),../mysql-files/source/1012/d9b9fe67ddbc7f05 (25%),29
../mysql-files/source/1012/6de417be4c5af (44%),../mysql-files/source/1012/b4ae541d01 (38%),20
../mysql-files/source/1012/1a3abcea57f85 (41%),../mysql-files/source/1012/d9b6a9b30ec8893 (44%),15
../mysql-files/source/1012/0634a1270bc2b974 (33%),../mysql-files/source/1012/e7ba47d7649e (36%),19
../mysql-files/source/1012/e7ba47d7649e (35%),../mysql-files/source/1012/a0188625076dd2e9 (30%),17
../mysql-files/source/1012/0584df69d127750e (39%),../mysql-files/source/1012/28b5dbf2b7f8d (36%),17
../mysql-files/source/1012/0584df69d127750e (39%),../mysql-files/source/1012/d5104d2cc0444 (36%),17
../mysql-files/source/1012/901e9ea1939820a9e (25%),../mysql-files/source/1012/49e6a8b674 (43%),16
../mysql-files/source/1012/ef5baf199cc4000 (34%),../mysql-files/source/1012/9ba1e71ad7c58e00c (28%),11
../mysql-files/source/1012/17e5d7614cbda (21%),../mysql-files/source/1012/9ba1e71ad7c58e00c (28%),24
../mysql-files/source/1012/0eac437afec3 (27%),../mysql-files/source/1012/17e5d7614cbda (21%),19
../mysql-files/source/1012/054e5d320f690566 (34%),../mysql-files/source/1012/62581ae9bfa697c6f0d (44%),20
../mysql-files/source/1012/4c6e6598178699fb (46%),../mysql-files/source/1012/27ade47d46ad1bc (32%),24
../mysql-files/source/1012/a740eb800e1c (44%),../mysql-files/source/1012/85a8ce3e3fc50c (44%),22
../mysql-files/source/1012/0e1c98796810e (28%),../mysql-files/source/1012/4313a827915bd (26%),27
../mysql-files/source/1012/a19dfd289cfac70 (25%),../mysql-files/source/1012/18ae6e7a782e5 (35%),13
../mysql-files/source/1012/881d9a932d44 (31%),../mysql-files/source/1012/18ae6e7a782e5 (35%),23
../mysql-files/source/1012/881d9a932d44 (31%),../mysql-files/source/1012/a19dfd289cfac70 (25%),23
../mysql-files/source/1012/5e8e1fcfbf85c (36%),../mysql-files/source/1012/a19dfd289cfac70 (25%),14
../mysql-files/source/1012/5e8e1fcfbf85c (36%),../mysql-files/source/1012/881d9a932d44 (31%),23
../mysql-files/source/1012/c71de84b3af84b1 (26%),../mysql-files/source/1012/d9b9fe67ddbc7f05 (22%),22
../mysql-files/source/1012/c818472d17d8b (37%),../mysql-files/source/1012/1a9d8bb5c8fb (40%),13
../mysql-files/source/1012/c71de84b3af84b1 (26%),../mysql-files/source/1012/f7fc6b1856baf0ae (38%),17
../mysql-files/source/1012/d816f7f2ccccb8 (23%),../mysql-files/source/1012/4313a827915bd (25%),10
../mysql-files/source/1012/4122cf5534845cf (28%),../mysql-files/source/1012/a0188625076dd2e9 (25%),16
../mysql-files/source/1012/5e1a9dad7e4c (24%),../mysql-files/source/1012/7369ba250f10a0 (19%),22
../mysql-files/source/1012/6de417be4c5af (38%),../mysql-files/source/1012/4c6e6598178699fb (42%),18
../mysql-files/source/1012/c01b4f5d657bef (27%),../mysql-files/source/1012/17e5d7614cbda (19%),18
../mysql-files/source/1012/454cc85f8942 (25%),../mysql-files/source/1012/b4ae541d01 (31%),22
../mysql-files/source/1012/9451130ee42a844d (31%),../mysql-files/source/1012/5fb414a67df (30%),21
../mysql-files/source/1012/9b391b1cb815522a (38%),../mysql-files/source/1012/5701506361423b7b (30%),12
../mysql-files/source/1012/0cff6d515da0a (21%),../mysql-files/source/1012/d03d209d1f (27%),23
../mysql-files/source/1012/42a4880b2b44a (22%),../mysql-files/source/1012/154046daba2e (23%),19
../mysql-files/source/1012/e7ba47d7649e (28%),../mysql-files/source/1012/73bf62066 (33%),15
../mysql-files/source/1012/d83867627ecc391 (23%),../mysql-files/source/1012/9ba1e71ad7c58e00c (23%),20
../mysql-files/source/1012/5701506361423b7b (29%),../mysql-files/source/1012/7aed9c7e31121 (23%),12
../mysql-files/source/1012/9b391b1cb815522a (37%),../mysql-files/source/1012/7aed9c7e31121 (23%),12
../mysql-files/source/1012/4c6e6598178699fb (39%),../mysql-files/source/1012/b4ae541d01 (30%),16
../mysql-files/source/1012/0cff6d515da0a (20%),../mysql-files/source/1012/9ba1e71ad7c58e00c (23%),16
../mysql-files/source/1012/0cff6d515da0a (20%),../mysql-files/source/1012/d83867627ecc391 (23%),20
../mysql-files/source/1012/356373c5a87e24 (27%),../mysql-files/source/1012/ebd76bc50176f22 (32%),15
../mysql-files/source/1012/8b6f801d8063302 (37%),../mysql-files/source/1012/5a3bf87e96ca2 (27%),16
../mysql-files/source/1012/a018cb87 (20%),../mysql-files/source/1012/5dea6a6ba90039 (28%),14
../mysql-files/source/1012/62095dfc2bb95 (28%),../mysql-files/source/1012/c01b4f5d657bef (25%),10
../mysql-files/source/1012/4a7f69796800 (28%),../mysql-files/source/1012/04f052584fdb6 (38%),10
../mysql-files/source/1012/92381d3d46e6a2 (26%),../mysql-files/source/1012/a740eb800e1c (36%),19
../mysql-files/source/1012/92381d3d46e6a2 (26%),../mysql-files/source/1012/a0ded101e10357b (28%),22
../mysql-files/source/1012/16174f24e04792 (23%),../mysql-files/source/1012/5fb414a67df (27%),23
../mysql-files/source/1012/57cb86ebfb06b2 (29%),../mysql-files/source/1012/7369ba250f10a0 (17%),20
../mysql-files/source/1012/04a7c607e4bdb7 (29%),../mysql-files/source/1012/068aecea2cc4 (31%),14
../mysql-files/source/1012/f7ae2b67d (20%),../mysql-files/source/1012/27ade47d46ad1bc (26%),23
../mysql-files/source/1012/3a034a0e3f7435b (29%),../mysql-files/source/1012/28e90e2c8bc6 (25%),14
../mysql-files/source/1012/3df4d3eafee38 (28%),../mysql-files/source/1012/b03f6006a1a267 (21%),10
../mysql-files/source/1012/5a3bf87e96ca2 (25%),../mysql-files/source/1012/a6727f9484b8 (33%),12
../mysql-files/source/1012/7dc2efdb8dd59 (23%),../mysql-files/source/1012/85a8ce3e3fc50c (34%),9
../mysql-files/source/1012/27ade47d46ad1bc (25%),../mysql-files/source/1012/b4ae541d01 (26%),20
../mysql-files/source/1012/6702e54032e2426c (37%),../mysql-files/source/1012/7d0dfc58f48e (31%),12
../mysql-files/source/1012/b86f4d229b6 (30%),../mysql-files/source/1012/5dea6a6ba90039 (26%),14
../mysql-files/source/1012/59b0339bcc85 (29%),../mysql-files/source/1012/6fa47475124da (20%),11
../mysql-files/source/1012/79d3ba7fafe57a42 (31%),../mysql-files/source/1012/6fa47475124da (20%),14
../mysql-files/source/1012/79d3ba7fafe57a42 (31%),../mysql-files/source/1012/59b0339bcc85 (29%),14
../mysql-files/source/1012/a018cb87 (17%),../mysql-files/source/1012/d77924e16ae59f27c (24%),12
../mysql-files/source/1012/605527852fc5 (23%),../mysql-files/source/1012/c7a659548372 (23%),16
../mysql-files/source/1012/068aecea2cc4 (27%),../mysql-files/source/1012/6fa47475124da (20%),11
../mysql-files/source/1012/98fb4b68d60e7f (25%),../mysql-files/source/1012/5701506361423b7b (24%),10
../mysql-files/source/1012/1c80dfeff08ac02e183 (30%),../mysql-files/source/1012/142553fb795a (34%),12
../mysql-files/source/1012/097c733d11baf80f7 (37%),../mysql-files/source/1012/9be8790372c34 (37%),18
../mysql-files/source/1012/79d3ba7fafe57a42 (29%),../mysql-files/source/1012/04a7c607e4bdb7 (25%),10
../mysql-files/source/1012/a018cb87 (17%),../mysql-files/source/1012/32106013cdbff7a0 (22%),12
../mysql-files/source/1012/62581ae9bfa697c6f0d (31%),../mysql-files/source/1012/27ade47d46ad1bc (22%),14
../mysql-files/source/1012/a0188625076dd2e9 (19%),../mysql-files/source/1012/7aed9c7e31121 (19%),11
../mysql-files/source/1012/4c6e6598178699fb (32%),../mysql-files/source/1012/054e5d320f690566 (23%),13
../mysql-files/source/1012/8eb667e3acae01 (19%),../mysql-files/source/1012/5dea6a6ba90039 (23%),8
../mysql-files/source/1012/6fa47475124da (19%),../mysql-files/source/1012/06e7aaad334c4e98 (30%),11
../mysql-files/source/1012/e3100b3c4f00 (18%),../mysql-files/source/1012/4313a827915bd (18%),11
../mysql-files/source/1012/59b0339bcc85 (26%),../mysql-files/source/1012/06e7aaad334c4e98 (30%),11
../mysql-files/source/1012/ef3538087bcdf09 (28%),../mysql-files/source/1012/28e571fcd339 (26%),15
../mysql-files/source/1012/0037a7253ba869b3 (17%),../mysql-files/source/1012/e3100b3c4f00 (18%),11
../mysql-files/source/1012/4122cf5534845cf (20%),../mysql-files/source/1012/5fb414a67df (23%),18
../mysql-files/source/1012/79d3ba7fafe57a42 (28%),../mysql-files/source/1012/06e7aaad334c4e98 (30%),13
../mysql-files/source/1012/511e95cb59c (30%),../mysql-files/source/1012/4a7f69796800 (23%),10
../mysql-files/source/1012/a740eb800e1c (29%),../mysql-files/source/1012/f7fc6b1856baf0ae (27%),17
../mysql-files/source/1012/db2fee422d9f (23%),../mysql-files/source/1012/7aed9c7e31121 (18%),16
../mysql-files/source/1012/4122cf5534845cf (20%),../mysql-files/source/1012/7369ba250f10a0 (14%),14
../mysql-files/source/1012/418b655686c090747 (17%),../mysql-files/source/1012/7aed9c7e31121 (18%),10
../mysql-files/source/1012/418b655686c090747 (17%),../mysql-files/source/1012/a0188625076dd2e9 (18%),10
../mysql-files/source/1012/418b655686c090747 (17%),../mysql-files/source/1012/db2fee422d9f (23%),16
../mysql-files/source/1012/554ac393b809a8440e0fc (19%),../mysql-files/source/1012/d9b9fe67ddbc7f05 (15%),9
../mysql-files/source/1012/356373c5a87e24 (20%),../mysql-files/source/1012/5dea6a6ba90039 (22%),13
../mysql-files/source/1012/63f5402f83e190f (17%),../mysql-files/source/1012/09c68d84b69b375 (17%),11
../mysql-files/source/1012/5701506361423b7b (22%),../mysql-files/source/1012/7d38abba560c2 (29%),21
../mysql-files/source/1012/6702e54032e2426c (31%),../mysql-files/source/1012/22a5766685ce4c90ac (22%),9
../mysql-files/source/1012/98fb4b68d60e7f (22%),../mysql-files/source/1012/7d38abba560c2 (29%),21
../mysql-files/source/1012/e86c3550af1d7 (32%),../mysql-files/source/1012/cbfea80f41eb051cf (32%),8
../mysql-files/source/1012/8eb667e3acae01 (17%),../mysql-files/source/1012/b86f4d229b6 (26%),6
../mysql-files/source/1012/3a034a0e3f7435b (23%),../mysql-files/source/1012/054e5d320f690566 (22%),9
../mysql-files/source/1012/7dc2efdb8dd59 (19%),../mysql-files/source/1012/9ba1e71ad7c58e00c (17%),12
../mysql-files/source/1012/5dea6a6ba90039 (21%),../mysql-files/source/1012/b4ae541d01 (22%),11
../mysql-files/source/1012/3c03f42ad5a53972e85 (13%),../mysql-files/source/1012/eae5a6bf56696353 (15%),12
../mysql-files/source/1012/9845ed2149dc (22%),../mysql-files/source/1012/db2fee422d9f (22%),6
../mysql-files/source/1012/d83867627ecc391 (17%),../mysql-files/source/1012/7dc2efdb8dd59 (19%),13
../mysql-files/source/1012/50f707e109ede (20%),../mysql-files/source/1012/73bf62066 (24%),6
../mysql-files/source/1012/50f707e109ede (20%),../mysql-files/source/1012/e7ba47d7649e (21%),7
../mysql-files/source/1012/0cff6d515da0a (15%),../mysql-files/source/1012/7dc2efdb8dd59 (19%),12
../mysql-files/source/1012/36d432da12e (21%),../mysql-files/source/1012/0037a7253ba869b3 (16%),8
../mysql-files/source/1012/b03f6006a1a267 (16%),../mysql-files/source/1012/70e83d3bbd52 (21%),5
../mysql-files/source/1012/29163809b6d8 (22%),../mysql-files/source/1012/73bf62066 (23%),10
../mysql-files/source/1012/8d9cf1a266 (24%),../mysql-files/source/1012/4313a827915bd (16%),9
../mysql-files/source/1012/3bb26bf1e5e33c3e0 (19%),../mysql-files/source/1012/18ae6e7a782e5 (22%),20
../mysql-files/source/1012/0037a7253ba869b3 (16%),../mysql-files/source/1012/8d9cf1a266 (24%),8
../mysql-files/source/1012/1489ccdcb35d (18%),../mysql-files/source/1012/27ade47d46ad1bc (20%),13
../mysql-files/source/1012/1489ccdcb35d (18%),../mysql-files/source/1012/62581ae9bfa697c6f0d (27%),11
../mysql-files/source/1012/6d2f52492efe66 (15%),../mysql-files/source/1012/a6727f9484b8 (26%),12
../mysql-files/source/1012/054e5d320f690566 (20%),../mysql-files/source/1012/26e15ff4bfc617f (15%),11
../mysql-files/source/1012/18880177c6c96cf (26%),../mysql-files/source/1012/3fc2c531abe6c (27%),18
../mysql-files/source/1012/8b6f801d8063302 (27%),../mysql-files/source/1012/6d2f52492efe66 (15%),12
../mysql-files/source/1012/651f9d3d7ce8053 (14%),../mysql-files/source/1012/ad46796cedca (19%),12
../mysql-files/source/1012/cbfea80f41eb051cf (29%),../mysql-files/source/1012/f3ca39b27edde8 (21%),9
../mysql-files/source/1012/d83867627ecc391 (16%),../mysql-files/source/1012/ef5baf199cc4000 (20%),8
../mysql-files/source/1012/c818472d17d8b (24%),../mysql-files/source/1012/a6d50009a5b0d5df30c6 (20%),3
../mysql-files/source/1012/98fb4b68d60e7f (20%),../mysql-files/source/1012/d5104d2cc0444 (20%),17
../mysql-files/source/1012/e86c3550af1d7 (30%),../mysql-files/source/1012/f3ca39b27edde8 (21%),9
../mysql-files/source/1012/6de417be4c5af (24%),../mysql-files/source/1012/85a8ce3e3fc50c (27%),12
../mysql-files/source/1012/3df4d3eafee38 (21%),../mysql-files/source/1012/73bf62066 (23%),7
../mysql-files/source/1012/3df4d3eafee38 (21%),../mysql-files/source/1012/e7ba47d7649e (20%),7
../mysql-files/source/1012/3df4d3eafee38 (21%),../mysql-files/source/1012/50f707e109ede (19%),7
../mysql-files/source/1012/0cff6d515da0a (14%),../mysql-files/source/1012/ef5baf199cc4000 (20%),8
../mysql-files/source/1012/98130857e1cb (23%),../mysql-files/source/1012/0c5326c980e5d (33%),9
../mysql-files/source/1012/5ed0a1cf6e40fe (23%),../mysql-files/source/1012/28b5dbf2b7f8d (20%),27
../mysql-files/source/1012/4d6597c2cf05bb (20%),../mysql-files/source/1012/a6d50009a5b0d5df30c6 (20%),7
../mysql-files/source/1012/eae5a6bf56696353 (14%),../mysql-files/source/1012/26e15ff4bfc617f (14%),10
../mysql-files/source/1012/a740eb800e1c (26%),../mysql-files/source/1012/7dc2efdb8dd59 (17%),7
../mysql-files/source/1012/22a5766685ce4c90ac (20%),../mysql-files/source/1012/7d0dfc58f48e (24%),8
../mysql-files/source/1012/4ed341a9b53ca1 (21%),../mysql-files/source/1012/eae5a6bf56696353 (14%),10
../mysql-files/source/1012/068aecea2cc4 (22%),../mysql-files/source/1012/59b0339bcc85 (23%),10
../mysql-files/source/1012/054e5d320f690566 (19%),../mysql-files/source/1012/27ade47d46ad1bc (19%),13
../mysql-files/source/1012/054e5d320f690566 (19%),../mysql-files/source/1012/1489ccdcb35d (17%),10
../mysql-files/source/1012/d5104d2cc0444 (20%),../mysql-files/source/1012/5ed0a1cf6e40fe (23%),27
../mysql-files/source/1012/0cc9b181d243586 (15%),../mysql-files/source/1012/57cb86ebfb06b2 (21%),15
../mysql-files/source/1012/04a7c607e4bdb7 (21%),../mysql-files/source/1012/6fa47475124da (16%),7
../mysql-files/source/1012/04a7c607e4bdb7 (21%),../mysql-files/source/1012/59b0339bcc85 (23%),7
../mysql-files/source/1012/0584df69d127750e (21%),../mysql-files/source/1012/eae5a6bf56696353 (14%),12
../mysql-files/source/1012/0584df69d127750e (21%),../mysql-files/source/1012/3c03f42ad5a53972e85 (12%),11
../mysql-files/source/1012/4c6e6598178699fb (27%),../mysql-files/source/1012/62581ae9bfa697c6f0d (26%),12
../mysql-files/source/1012/4c6e6598178699fb (27%),../mysql-files/source/1012/1489ccdcb35d (17%),12
../mysql-files/source/1012/8e21bdd74b72d (16%),../mysql-files/source/1012/1480a52eba58167 (15%),9
../mysql-files/source/1012/b16fbf9be19ab4 (27%),../mysql-files/source/1012/b86f4d229b6 (23%),15
../mysql-files/source/1012/356373c5a87e24 (18%),../mysql-files/source/1012/28e90e2c8bc6 (18%),12
../mysql-files/source/1012/d03d209d1f (17%),../mysql-files/source/1012/26e15ff4bfc617f (14%),11
../mysql-files/source/1012/a0ded101e10357b (19%),../mysql-files/source/1012/c7a659548372 (18%),10
../mysql-files/source/1012/63f5402f83e190f (15%),../mysql-files/source/1012/28e571fcd339 (22%),5
../mysql-files/source/1012/4ed341a9b53ca1 (20%),../mysql-files/source/1012/d03d209d1f (17%),11
../mysql-files/source/1012/4122cf5534845cf (17%),../mysql-files/source/1012/26e15ff4bfc617f (14%),11
../mysql-files/source/1012/4122cf5534845cf (17%),../mysql-files/source/1012/d03d209d1f (17%),11
../mysql-files/source/1012/4122cf5534845cf (17%),../mysql-files/source/1012/4ed341a9b53ca1 (20%),11
../mysql-files/source/1012/4d1369a455696 (15%),../mysql-files/source/1012/16174f24e04792 (16%),10
../mysql-files/source/1012/6d2f52492efe66 (14%),../mysql-files/source/1012/1489ccdcb35d (16%),5
../mysql-files/source/1012/235cce8d74874f2 (22%),../mysql-files/source/1012/18ae6e7a782e5 (20%),14
../mysql-files/source/1012/235cce8d74874f2 (22%),../mysql-files/source/1012/3bb26bf1e5e33c3e0 (18%),13
../mysql-files/source/1012/5e1a9dad7e4c (14%),../mysql-files/source/1012/9451130ee42a844d (19%),18
../mysql-files/source/1012/98fb4b68d60e7f (19%),../mysql-files/source/1012/0e1c98796810e (16%),12
../mysql-files/source/1012/7c5177a3f0e1d1 (14%),../mysql-files/source/1012/d9b9fe67ddbc7f05 (13%),8
../mysql-files/source/1012/7c5177a3f0e1d1 (14%),../mysql-files/source/1012/0037a7253ba869b3 (14%),14
../mysql-files/source/1012/554ac393b809a8440e0fc (16%),../mysql-files/source/1012/0037a7253ba869b3 (14%),14
../mysql-files/source/1012/554ac393b809a8440e0fc (16%),../mysql-files/source/1012/7c5177a3f0e1d1 (14%),8
../mysql-files/source/1012/9f0971875c96a3 (17%),../mysql-files/source/1012/3bb26bf1e5e33c3e0 (18%),10
../mysql-files/source/1012/3a034a0e3f7435b (20%),../mysql-files/source/1012/1c80dfeff08ac02e183 (23%),7
../mysql-files/source/1012/0634a1270bc2b974 (17%),../mysql-files/source/1012/a6727f9484b8 (24%),8
../mysql-files/source/1012/0634a1270bc2b974 (17%),../mysql-files/source/1012/5a3bf87e96ca2 (18%),8
../mysql-files/source/1012/0634a1270bc2b974 (17%),../mysql-files/source/1012/8b6f801d8063302 (25%),8
../mysql-files/source/1012/1326d7c10a26 (21%),../mysql-files/source/1012/62095dfc2bb95 (19%),7
../mysql-files/source/1012/1db4a883fb2d01cfa (19%),../mysql-files/source/1012/5fb414a67df (19%),9
../mysql-files/source/1012/1fddf1a387777 (20%),../mysql-files/source/1012/a93873f7bf62239 (21%),4
../mysql-files/source/1012/511e95cb59c (25%),../mysql-files/source/1012/04f052584fdb6 (26%),9
../mysql-files/source/1012/d816f7f2ccccb8 (14%),../mysql-files/source/1012/5e1a9dad7e4c (14%),10
../mysql-files/source/1012/7d0dfc58f48e (22%),../mysql-files/source/1012/bda3a292e93fe (22%),9
../mysql-files/source/1012/5fb414a67df (18%),../mysql-files/source/1012/7369ba250f10a0 (11%),16
../mysql-files/source/1012/a740eb800e1c (24%),../mysql-files/source/1012/04727b870884812c9 (19%),6
../mysql-files/source/1012/7d38abba560c2 (24%),../mysql-files/source/1012/9702bfdf1028 (22%),21
../mysql-files/source/1012/22a5766685ce4c90ac (19%),../mysql-files/source/1012/bda3a292e93fe (22%),9
../mysql-files/source/1012/5701506361423b7b (18%),../mysql-files/source/1012/9702bfdf1028 (22%),12
../mysql-files/source/1012/6702e54032e2426c (26%),../mysql-files/source/1012/bda3a292e93fe (22%),9
../mysql-files/source/1012/bd04f783b3d (17%),../mysql-files/source/1012/70e83d3bbd52 (19%),7
../mysql-files/source/1012/9be8790372c34 (28%),../mysql-files/source/1012/039a4cab5dce47a (27%),18
../mysql-files/source/1012/3bb26bf1e5e33c3e0 (17%),../mysql-files/source/1012/c01b4f5d657bef (16%),6
../mysql-files/source/1012/d9b9fe67ddbc7f05 (12%),../mysql-files/source/1012/bfe68c3dac6bd (14%),11
../mysql-files/source/1012/98fb4b68d60e7f (18%),../mysql-files/source/1012/9702bfdf1028 (22%),12
../mysql-files/source/1012/04a7c607e4bdb7 (20%),../mysql-files/source/1012/0e1c98796810e (15%),9
../mysql-files/source/1012/097c733d11baf80f7 (28%),../mysql-files/source/1012/039a4cab5dce47a (27%),8
../mysql-files/source/1012/5fb414a67df (18%),../mysql-files/source/1012/4ad21dada982887d (17%),18
../mysql-files/source/1012/c7a659548372 (17%),../mysql-files/source/1012/4ad21dada982887d (17%),22
../mysql-files/source/1012/c7a659548372 (17%),../mysql-files/source/1012/5fb414a67df (18%),22
../mysql-files/source/1012/63f5402f83e190f (14%),../mysql-files/source/1012/878905d98559 (17%),4
../mysql-files/source/1012/d83867627ecc391 (14%),../mysql-files/source/1012/a19dfd289cfac70 (13%),11
../mysql-files/source/1012/9451130ee42a844d (18%),../mysql-files/source/1012/04727b870884812c9 (18%),6
../mysql-files/source/1012/56897e33d62 (17%),../mysql-files/source/1012/7369ba250f10a0 (11%),17
../mysql-files/source/1012/32106013cdbff7a0 (16%),../mysql-files/source/1012/154046daba2e (14%),8
../mysql-files/source/1012/4122cf5534845cf (16%),../mysql-files/source/1012/4ad21dada982887d (17%),18
../mysql-files/source/1012/4122cf5534845cf (16%),../mysql-files/source/1012/c7a659548372 (17%),22
../mysql-files/source/1012/d77924e16ae59f27c (17%),../mysql-files/source/1012/26e15ff4bfc617f (13%),12
../mysql-files/source/1012/6d2f52492efe66 (13%),../mysql-files/source/1012/17e5d7614cbda (11%),6
../mysql-files/source/1012/054e5d320f690566 (18%),../mysql-files/source/1012/d77924e16ae59f27c (17%),12
../mysql-files/source/1012/42a4880b2b44a (13%),../mysql-files/source/1012/d9b9fe67ddbc7f05 (12%),4
../mysql-files/source/1012/a018cb87 (12%),../mysql-files/source/1012/154046daba2e (14%),5
../mysql-files/source/1012/4925d2418db881 (19%),../mysql-files/source/1012/3505e0b1b9c79 (14%),5
../mysql-files/source/1012/28e571fcd339 (20%),../mysql-files/source/1012/9ba1e71ad7c58e00c (14%),4
../mysql-files/source/1012/282d13d0e0fd8f9c4 (27%),../mysql-files/source/1012/69ee285db437c (26%),11
../mysql-files/source/1012/a0ded101e10357b (17%),../mysql-files/source/1012/eae5a6bf56696353 (12%),11
../mysql-files/source/1012/a0ded101e10357b (17%),../mysql-files/source/1012/3c03f42ad5a53972e85 (11%),11
../mysql-files/source/1012/63f5402f83e190f (14%),../mysql-files/source/1012/ef5baf199cc4000 (17%),6
../mysql-files/source/1012/d83867627ecc391 (14%),../mysql-files/source/1012/63f5402f83e190f (14%),6
../mysql-files/source/1012/ed017ca50a9f74 (16%),../mysql-files/source/1012/28e90e2c8bc6 (16%),12
../mysql-files/source/1012/cd15fdfe9093 (20%),../mysql-files/source/1012/c575dfc6bbdd84ab (20%),10
../mysql-files/source/1012/1480a52eba58167 (13%),../mysql-files/source/1012/b4ae541d01 (18%),7
../mysql-files/source/1012/bd04f783b3d (16%),../mysql-files/source/1012/04727b870884812c9 (17%),9
../mysql-files/source/1012/9be8790372c34 (26%),../mysql-files/source/1012/69ee285db437c (26%),13
../mysql-files/source/1012/9be8790372c34 (26%),../mysql-files/source/1012/282d13d0e0fd8f9c4 (27%),13
../mysql-files/source/1012/ebd76bc50176f22 (19%),../mysql-files/source/1012/32106013cdbff7a0 (16%),9
../mysql-files/source/1012/728c9f816ff82cb0 (17%),../mysql-files/source/1012/f7fc6b1856baf0ae (21%),10
../mysql-files/source/1012/728c9f816ff82cb0 (17%),../mysql-files/source/1012/a740eb800e1c (23%),11
../mysql-files/source/1012/643a8dd67456 (27%),../mysql-files/source/1012/bf298f0bca85c (25%),19
../mysql-files/source/1012/068aecea2cc4 (19%),../mysql-files/source/1012/4313a827915bd (13%),9
../mysql-files/source/1012/068aecea2cc4 (19%),../mysql-files/source/1012/06e7aaad334c4e98 (23%),9
../mysql-files/source/1012/068aecea2cc4 (19%),../mysql-files/source/1012/8d9cf1a266 (20%),9
../mysql-files/source/1012/068aecea2cc4 (19%),../mysql-files/source/1012/0037a7253ba869b3 (13%),9
../mysql-files/source/1012/d5104d2cc0444 (18%),../mysql-files/source/1012/0a68fc71381a7bb (11%),6
../mysql-files/source/1012/5e1a9dad7e4c (13%),../mysql-files/source/1012/62581ae9bfa697c6f0d (23%),5
../mysql-files/source/1012/5e1a9dad7e4c (13%),../mysql-files/source/1012/5fb414a67df (17%),16
../mysql-files/source/1012/5e1a9dad7e4c (13%),../mysql-files/source/1012/4122cf5534845cf (15%),16
../mysql-files/source/1012/04a7c607e4bdb7 (18%),../mysql-files/source/1012/06e7aaad334c4e98 (23%),6
../mysql-files/source/1012/0584df69d127750e (19%),../mysql-files/source/1012/a0ded101e10357b (17%),11
../mysql-files/source/1012/b86f4d229b6 (21%),../mysql-files/source/1012/b4ae541d01 (18%),12
../mysql-files/source/1012/4c6e6598178699fb (24%),../mysql-files/source/1012/a6727f9484b8 (22%),7
../mysql-files/source/1012/4c6e6598178699fb (24%),../mysql-files/source/1012/5a3bf87e96ca2 (16%),7
../mysql-files/source/1012/4c6e6598178699fb (24%),../mysql-files/source/1012/8b6f801d8063302 (23%),7
../mysql-files/source/1012/6de417be4c5af (21%),../mysql-files/source/1012/27ade47d46ad1bc (17%),17
../mysql-files/source/1012/3df4d3eafee38 (18%),../mysql-files/source/1012/9845ed2149dc (18%),5
../mysql-files/source/1012/1326d7c10a26 (19%),../mysql-files/source/1012/3bb26bf1e5e33c3e0 (16%),6
